sample	weighted_NSTI
100seq_sampleA1	0.046666343980021036
100seq_sampleA2	0.046666343980021036
100seq_sampleA3	0.046666343980021036
100seq_sampleB1	0.3192868023338049
100seq_sampleB2	0.3192868023338049
100seq_sampleB3	0.3192868023338049
100seq_sampleC1	0.09746424775562557
100seq_sampleC2	0.09746424775562557
100seq_sampleC3	0.09746424775562557
